,stopwords
0,0o
1,0s
2,3a
3,3b
4,3d
5,6b
6,6o
7,a
8,a1
9,a2
10,a3
11,a4
12,ab
13,able
14,about
15,above
16,abst
17,ac
18,accordance
19,according
20,accordingly
21,across
22,act
23,actually
24,ad
25,added
26,adj
27,ae
28,af
29,affected
30,affecting
31,affects
32,after
33,afterwards
34,ag
35,again
36,against
37,ah
38,ain
39,aint
40,aj
41,al
42,all
43,allow
44,allows
45,almost
46,alone
47,along
48,already
49,also
50,although
51,always
52,am
53,among
54,amongst
55,amoungst
56,amount
57,an
58,and
59,announce
60,another
61,any
62,anybody
63,anyhow
64,anymore
65,anyone
66,anything
67,anyway
68,anyways
69,anywhere
70,ao
71,ap
72,apart
73,apparently
74,appear
75,appreciate
76,appropriate
77,approximately
78,ar
79,are
80,aren
81,arent
82,arent
83,arise
84,around
85,as
86,as
87,aside
88,ask
89,asking
90,associated
91,at
92,au
93,auth
94,av
95,available
96,aw
97,away
98,awfully
99,ax
100,ay
101,az
102,b
103,b1
104,b2
105,b3
106,ba
107,back
108,bc
109,bd
110,be
111,became
112,because
113,become
114,becomes
115,becoming
116,been
117,before
118,beforehand
119,begin
120,beginning
121,beginnings
122,begins
123,behind
124,being
125,believe
126,below
127,beside
128,besides
129,best
130,better
131,between
132,beyond
133,bi
134,bill
135,biol
136,bj
137,bk
138,bl
139,bn
140,both
141,bottom
142,bp
143,br
144,brief
145,briefly
146,bs
147,bt
148,bu
149,but
150,bx
151,by
152,c
153,c1
154,c2
155,c3
156,ca
157,call
158,came
159,can
160,cannot
161,cant
162,cant
163,cause
164,causes
165,cc
166,cd
167,ce
168,certain
169,certainly
170,cf
171,cg
172,ch
173,changes
174,ci
175,cit
176,cj
177,cl
178,clearly
179,cm
180,cmon
181,cn
182,co
183,com
184,come
185,comes
186,con
187,concerning
188,consequently
189,consider
190,considering
191,contain
192,containing
193,contains
194,corresponding
195,could
196,couldn
197,couldnt
198,couldnt
199,course
200,cp
201,cq
202,cr
203,cry
204,cs
205,cs
206,ct
207,cu
208,currently
209,cv
210,cx
211,cy
212,cz
213,d
214,d2
215,da
216,date
217,dc
218,dd
219,de
220,definitely
221,describe
222,described
223,despite
224,detail
225,df
226,di
227,did
228,didn
229,didnt
230,different
231,dj
232,dk
233,dl
234,do
235,does
236,doesn
237,doesnt
238,doing
239,don
240,done
241,dont
242,down
243,downwards
244,dp
245,dr
246,ds
247,dt
248,du
249,due
250,during
251,dx
252,dy
253,e
254,e2
255,e3
256,ea
257,each
258,ec
259,ed
260,edu
261,ee
262,ef
263,effect
264,eg
265,ei
266,eight
267,eighty
268,either
269,ej
270,el
271,eleven
272,else
273,elsewhere
274,em
275,empty
276,en
277,end
278,ending
279,enough
280,entirely
281,eo
282,ep
283,eq
284,er
285,es
286,especially
287,est
288,et
289,et-al
290,etc
291,eu
292,ev
293,even
294,ever
295,every
296,everybody
297,everyone
298,everything
299,everywhere
300,ex
301,exactly
302,example
303,except
304,ey
305,f
306,f2
307,fa
308,far
309,fc
310,few
311,ff
312,fi
313,fifteen
314,fifth
315,fify
316,fill
317,find
318,fire
319,first
320,five
321,fix
322,fj
323,fl
324,fn
325,fo
326,followed
327,following
328,follows
329,for
330,former
331,formerly
332,forth
333,forty
334,found
335,four
336,fr
337,from
338,front
339,fs
340,ft
341,fu
342,full
343,further
344,furthermore
345,fy
346,g
347,ga
348,gave
349,ge
350,get
351,gets
352,getting
353,gi
354,give
355,given
356,gives
357,giving
358,gj
359,gl
360,go
361,goes
362,going
363,gone
364,got
365,gotten
366,gr
367,greetings
368,gs
369,gy
370,h
371,h2
372,h3
373,had
374,hadn
375,hadnt
376,happens
377,hardly
378,has
379,hasn
380,hasnt
381,hasnt
382,have
383,haven
384,havent
385,having
386,he
387,hed
388,hed
389,hell
390,hello
391,help
392,hence
393,her
394,here
395,hereafter
396,hereby
397,herein
398,heres
399,heres
400,hereupon
401,hers
402,herself
403,hes
404,hes
405,hh
406,hi
407,hid
408,him
409,himself
410,his
411,hither
412,hj
413,ho
414,home
415,hopefully
416,how
417,howbeit
418,however
419,hows
420,hr
421,hs
422,http
423,hu
424,hundred
425,hy
426,i
427,i2
428,i3
429,i4
430,i6
431,i7
432,i8
433,ia
434,ib
435,ibid
436,ic
437,id
438,id
439,ie
440,if
441,ig
442,ignored
443,ih
444,ii
445,ij
446,il
447,ill
448,im
449,im
450,immediate
451,immediately
452,importance
453,important
454,in
455,inasmuch
456,inc
457,indeed
458,index
459,indicate
460,indicated
461,indicates
462,information
463,inner
464,insofar
465,instead
466,interest
467,into
468,invention
469,inward
470,io
471,ip
472,iq
473,ir
474,is
475,isn
476,isnt
477,it
478,itd
479,itd
480,itll
481,its
482,its
483,itself
484,iv
485,ive
486,ix
487,iy
488,iz
489,j
490,jj
491,jr
492,js
493,jt
494,ju
495,just
496,k
497,ke
498,keep
499,keeps
500,kept
501,kg
502,kj
503,km
504,know
505,known
506,knows
507,ko
508,l
509,l2
510,la
511,largely
512,last
513,lately
514,later
515,latter
516,latterly
517,lb
518,lc
519,le
520,least
521,les
522,less
523,lest
524,let
525,lets
526,lets
527,lf
528,like
529,liked
530,likely
531,line
532,little
533,lj
534,ll
535,ll
536,ln
537,lo
538,look
539,looking
540,looks
541,los
542,lr
543,ls
544,lt
545,ltd
546,m
547,m2
548,ma
549,made
550,mainly
551,make
552,makes
553,many
554,may
555,maybe
556,me
557,mean
558,means
559,meantime
560,meanwhile
561,merely
562,mg
563,might
564,mightn
565,mightnt
566,mill
567,million
568,mine
569,miss
570,ml
571,mn
572,mo
573,more
574,moreover
575,most
576,mostly
577,move
578,mr
579,mrs
580,ms
581,mt
582,mu
583,much
584,mug
585,must
586,mustn
587,mustnt
588,my
589,myself
590,n
591,n2
592,na
593,name
594,namely
595,nay
596,nc
597,nd
598,ne
599,near
600,nearly
601,necessarily
602,necessary
603,need
604,needn
605,neednt
606,needs
607,neither
608,never
609,nevertheless
610,new
611,next
612,ng
613,ni
614,nine
615,ninety
616,nj
617,nl
618,nn
619,no
620,nobody
621,non
622,none
623,nonetheless
624,noone
625,nor
626,normally
627,nos
628,not
629,noted
630,nothing
631,novel
632,now
633,nowhere
634,nr
635,ns
636,nt
637,ny
638,o
639,oa
640,ob
641,obtain
642,obtained
643,obviously
644,oc
645,od
646,of
647,off
648,often
649,og
650,oh
651,oi
652,oj
653,ok
654,okay
655,ol
656,old
657,om
658,omitted
659,on
660,once
661,one
662,ones
663,only
664,onto
665,oo
666,op
667,oq
668,or
669,ord
670,os
671,ot
672,other
673,others
674,otherwise
675,ou
676,ought
677,our
678,ours
679,ourselves
680,out
681,outside
682,over
683,overall
684,ow
685,owing
686,own
687,ox
688,oz
689,p
690,p1
691,p2
692,p3
693,page
694,pagecount
695,pages
696,par
697,part
698,particular
699,particularly
700,pas
701,past
702,pc
703,pd
704,pe
705,per
706,perhaps
707,pf
708,ph
709,pi
710,pj
711,pk
712,pl
713,placed
714,please
715,plus
716,pm
717,pn
718,po
719,poorly
720,possible
721,possibly
722,potentially
723,pp
724,pq
725,pr
726,predominantly
727,present
728,presumably
729,previously
730,primarily
731,probably
732,promptly
733,proud
734,provides
735,ps
736,pt
737,pu
738,put
739,py
740,q
741,qj
742,qu
743,que
744,quickly
745,quite
746,qv
747,r
748,r2
749,ra
750,ran
751,rather
752,rc
753,rd
754,re
755,readily
756,really
757,reasonably
758,recent
759,recently
760,ref
761,refs
762,regarding
763,regardless
764,regards
765,related
766,relatively
767,research
768,research-articl
769,respectively
770,resulted
771,resulting
772,results
773,rf
774,rh
775,ri
776,right
777,rj
778,rl
779,rm
780,rn
781,ro
782,rq
783,rr
784,rs
785,rt
786,ru
787,run
788,rv
789,ry
790,s
791,s2
792,sa
793,said
794,same
795,saw
796,say
797,saying
798,says
799,sc
800,sd
801,se
802,sec
803,second
804,secondly
805,section
806,see
807,seeing
808,seem
809,seemed
810,seeming
811,seems
812,seen
813,self
814,selves
815,sensible
816,sent
817,serious
818,seriously
819,seven
820,several
821,sf
822,shall
823,shan
824,shant
825,she
826,shed
827,shed
828,shell
829,shes
830,shes
831,should
832,shouldn
833,shouldnt
834,shouldve
835,show
836,showed
837,shown
838,showns
839,shows
840,si
841,side
842,significant
843,significantly
844,similar
845,similarly
846,since
847,sincere
848,six
849,sixty
850,sj
851,sl
852,slightly
853,sm
854,sn
855,so
856,some
857,somebody
858,somehow
859,someone
860,somethan
861,something
862,sometime
863,sometimes
864,somewhat
865,somewhere
866,soon
867,sorry
868,sp
869,specifically
870,specified
871,specify
872,specifying
873,sq
874,sr
875,ss
876,st
877,still
878,stop
879,strongly
880,sub
881,substantially
882,successfully
883,such
884,sufficiently
885,suggest
886,sup
887,sure
888,sy
889,system
890,sz
891,t
892,t1
893,t2
894,t3
895,take
896,taken
897,taking
898,tb
899,tc
900,td
901,te
902,tell
903,ten
904,tends
905,tf
906,th
907,than
908,thank
909,thanks
910,thanx
911,that
912,thatll
913,thats
914,thats
915,thatve
916,the
917,their
918,theirs
919,them
920,themselves
921,then
922,thence
923,there
924,thereafter
925,thereby
926,thered
927,therefore
928,therein
929,therell
930,thereof
931,therere
932,theres
933,theres
934,thereto
935,thereupon
936,thereve
937,these
938,they
939,theyd
940,theyd
941,theyll
942,theyre
943,theyre
944,theyve
945,thickv
946,thin
947,think
948,third
949,this
950,thorough
951,thoroughly
952,those
953,thou
954,though
955,thoughh
956,thousand
957,three
958,throug
959,through
960,throughout
961,thru
962,thus
963,ti
964,til
965,tip
966,tj
967,tl
968,tm
969,tn
970,to
971,together
972,too
973,took
974,top
975,toward
976,towards
977,tp
978,tq
979,tr
980,tried
981,tries
982,truly
983,try
984,trying
985,ts
986,ts
987,tt
988,tv
989,twelve
990,twenty
991,twice
992,two
993,tx
994,u
995,u201d
996,ue
997,ui
998,uj
999,uk
1000,um
1001,un
1002,under
1003,unfortunately
1004,unless
1005,unlike
1006,unlikely
1007,until
1008,unto
1009,uo
1010,up
1011,upon
1012,ups
1013,ur
1014,us
1015,use
1016,used
1017,useful
1018,usefully
1019,usefulness
1020,uses
1021,using
1022,usually
1023,ut
1024,v
1025,va
1026,value
1027,various
1028,vd
1029,ve
1030,ve
1031,very
1032,via
1033,viz
1034,vj
1035,vo
1036,vol
1037,vols
1038,volumtype
1039,vq
1040,vs
1041,vt
1042,vu
1043,w
1044,wa
1045,want
1046,wants
1047,was
1048,wasn
1049,wasnt
1050,wasnt
1051,way
1052,we
1053,wed
1054,wed
1055,welcome
1056,well
1057,well
1058,well-b
1059,went
1060,were
1061,were
1062,weren
1063,werent
1064,werent
1065,weve
1066,what
1067,whatever
1068,whatll
1069,whats
1070,whats
1071,when
1072,whence
1073,whenever
1074,whens
1075,where
1076,whereafter
1077,whereas
1078,whereby
1079,wherein
1080,wheres
1081,wheres
1082,whereupon
1083,wherever
1084,whether
1085,which
1086,while
1087,whim
1088,whither
1089,who
1090,whod
1091,whoever
1092,whole
1093,wholl
1094,whom
1095,whomever
1096,whos
1097,whos
1098,whose
1099,why
1100,whys
1101,wi
1102,widely
1103,will
1104,willing
1105,wish
1106,with
1107,within
1108,without
1109,wo
1110,won
1111,wonder
1112,wont
1113,wont
1114,words
1115,world
1116,would
1117,wouldn
1118,wouldnt
1119,wouldnt
1120,www
1121,x
1122,x1
1123,x2
1124,x3
1125,xf
1126,xi
1127,xj
1128,xk
1129,xl
1130,xn
1131,xo
1132,xs
1133,xt
1134,xv
1135,xx
1136,y
1137,y2
1138,yes
1139,yet
1140,yj
1141,yl
1142,you
1143,youd
1144,youd
1145,youll
1146,your
1147,youre
1148,youre
1149,yours
1150,yourself
1151,yourselves
1152,youve
1153,yr
1154,ys
1155,yt
1156,z
1157,zero
1158,zi
1159,zz
1160,abl
1161,abov
1162,accord
1163,accordingli
1164,actual
1165,affect
1166,afterward
1167,alon
1168,alreadi
1169,alway
1170,ani
1171,announc
1172,anoth
1173,anybodi
1174,anymor
1175,anyon
1176,anyth
1177,anywher
1178,appar
1179,appreci
1180,appropri
1181,approxim
1182,aris
1183,asid
1184,associ
1185,avail
1186,becam
1187,becaus
1188,becom
1189,befor
1190,believ
1191,besid
1192,briefli
1193,caus
1194,certainli
1195,chang
1196,clearli
1197,concern
1198,consequ
1199,consid
1200,correspond
1201,cours
1202,cri
1203,current
1204,definit
1205,describ
1206,despit
1207,differ
1208,downward
1209,dure
1210,eighti
1211,els
1212,elsewher
1213,empti
1214,entir
1215,especi
1216,everi
1217,everybodi
1218,everyon
1219,everyth
1220,everywher
1221,exactli
1222,exampl
1223,fifi
1224,follow
1225,formerli
1226,forti
1227,furthermor
1228,goe
1229,greet
1230,happen
1231,hardli
1232,henc
1233,hereaft
1234,herebi
1235,hope
1236,howev
1237,hundr
1238,ignor
1239,immedi
1240,import
1241,inde
1242,indic
1243,inform
1244,invent
1245,larg
1246,late
1247,latterli
1248,littl
1249,mainli
1250,mani
1251,mayb
1252,meantim
1253,meanwhil
1254,mere
1255,moreov
1256,mostli
1257,nearli
1258,necessari
1259,necessarili
1260,nineti
1261,nobodi
1262,noon
1263,normal
1264,note
1265,noth
1266,nowher
1267,obvious
1268,omit
1269,onc
1270,onli
1271,otherwis
1272,ourselv
1273,outsid
1274,overal
1275,owe
1276,pa
1277,particularli
1278,perhap
1279,place
1280,pleas
1281,plu
1282,poorli
1283,possibl
1284,potenti
1285,predominantli
1286,presum
1287,previous
1288,primarili
1289,probabl
1290,promptli
1291,provid
1292,quickli
1293,quit
1294,readili
1295,realli
1296,reason
1297,regard
1298,rel
1299,relat
1300,respect
1301,result
1302,secondli
1303,selv
1304,sensibl
1305,seriou
1306,sever
1307,shouldv
1308,signific
1309,significantli
1310,similarli
1311,sinc
1312,sincer
1313,sixti
1314,slightli
1315,somebodi
1316,someon
1317,someth
1318,sometim
1319,somewher
1320,sorri
1321,specif
1322,specifi
1323,strongli
1324,substanti
1325,success
1326,suffici
1327,tend
1328,thatv
1329,themselv
1330,thenc
1331,thereaft
1332,therebi
1333,therefor
1334,therel
1335,therer
1336,therev
1337,theyr
1338,theyv
1339,thi
1340,thoroughli
1341,thu
1342,togeth
1343,tri
1344,truli
1345,twelv
1346,twenti
1347,unfortun
1348,unlik
1349,usual
1350,valu
1351,variou
1352,veri
1353,volumtyp
1354,welcom
1355,whatev
1356,whenc
1357,whenev
1358,wherea
1359,whereaft
1360,wherebi
1361,wherev
1362,whi
1363,whomev
1364,wide
1365,word
1366,ye
1367,yourselv
1368,youv
1369,anywh
1370,ari
1371,becau
1372,cau
1373,cour
1374,elsewh
1375,everywh
1376,ind
1377,obviou
1378,otherwi
1379,plea
1380,previou
1381,signif
1382,somewh
1383,youre
1384,youve
1385,youll
1386,youd
1387,shes
1388,its
1389,thatll
1390,dont
1391,shouldve
1392,arent
1393,couldnt
1394,didnt
1395,doesnt
1396,hadnt
1397,hasnt
1398,havent
1399,isnt
1400,mightnt
1401,mustnt
1402,neednt
1403,shant
1404,shouldnt
1405,wasnt
1406,werent
1407,wont
1408,wouldnt
1409,ud
1410,ll
1411,re
1412,s
1413,ve
1414,nt
1415,d
